review,rating
"This movie was absolutely amazing! The story was gripping and the performances were outstanding.",5
"A masterpiece of cinema. Every scene was beautifully crafted and emotionally powerful.",5
"Incredible film! The direction was superb and the acting was world-class.",5
"One of the best movies I have ever seen. Highly recommend to everyone.",5
"Brilliant storytelling with stunning visuals. A must-watch for all movie lovers.",5
"The movie was very enjoyable and entertaining. Great performances all around.",4
"A solid film with a good story and likeable characters. Worth watching.",4
"Really good movie. The plot was engaging and the ending was satisfying.",4
"I enjoyed this film quite a bit. Well directed and well acted.",4
"Good movie overall. Some slow parts but the story kept me interested.",4
"The movie was okay but nothing special. Average story and average acting.",3
"Decent film. Not great, not terrible. Just a regular movie experience.",3
"It was fine. Some parts were good but others felt a bit flat.",3
"An average movie. The story had potential but did not fully deliver.",3
"Neither good nor bad. A forgettable but harmless film.",3
"The story was weak and the pacing was very slow. Disappointing overall.",2
"Not a great movie. The characters were underdeveloped and the plot was thin.",2
"I was bored for most of this film. The story did not engage me.",2
"Below average movie. The acting felt forced and the script was poor.",2
"Weak storyline and poor direction. I expected much more from this film.",2
"I hated this movie. It was terrible from start to finish.",1
"Awful film. The worst movie I have seen in years. Complete waste of time.",1
"Terrible acting, terrible story, terrible direction. Avoid at all costs.",1
"One of the worst movies ever made. I could not wait for it to end.",1
"Dreadful film. Nothing worked. The story was nonsensical and the acting was painful.",1
